ID,Common_Name,Latin_Name,Date,Time_Stamp,Duration_sec,IUCN_Status
MAC_XP1_AC0001,Glittering-bellied Emerald,Chlorostilbon lucidus,05/04/2025,07:45:11,23.9,Least Concern
MAC_XP1_AC0002,Planalto Woodcreeper,Dendrocolaptes platyrostris,13/04/2025,11:51:04,25.6,Least Concern
MAC_XP1_AC0003,Maroon-bellied Parakeet,Pyrrhura frontalis,09/04/2025,07:16:09,20.8,Least Concern
MAC_XP1_AC0004,White-throated Hummingbird,Leucochloris albicollis,05/04/2025,09:23:21,24.9,Least Concern
MAC_XP1_AC0005,Green-barred Woodpecker,Colaptes melanochloros,12/04/2025,06:29:18,17,Least Concern
MAC_XP1_AC0006,Gray-winged Cotinga,Lipaugus conditus,10/04/2025,06:06:10,26.2,Critically Endangered
MAC_XP1_AC0007,Rufous-breasted Hermit,Glaucis hirsutus,10/04/2025,17:21:29,13,Least Concern
MAC_XP1_AC0008,Crescent-chested Puffbird,Malacoptila striata,07/04/2025,17:43:49,27.8,Least Concern
MAC_XP1_AC0009,Gray-hooded Attila,Attila rufus,07/04/2025,18:59:30,30.4,Least Concern
MAC_XP1_AC0010,Ochre-breasted Foliage-gleaner,Philydor lichtensteini,05/04/2025,07:04:37,28.9,Least Concern
MAC_XP1_AC0011,Rufous-breasted Hermit,Glaucis hirsutus,11/04/2025,01:47:32,23.3,Least Concern
MAC_XP1_AC0012,Ochre-marked Parakeet,Pyrrhura cruentata,11/04/2025,11:43:25,24.8,Vulnerable
MAC_XP1_AC0013,Dusky-legged Guan,Penelope obscura,11/04/2025,06:57:05,29,Least Concern
MAC_XP1_AC0014,Black-cheeked Gnateater,Conopophaga melanops,11/04/2025,01:46:27,25,Least Concern
MAC_XP1_AC0015,Green-headed Tanager,Tangara seledon,07/04/2025,17:20:24,12.4,Least Concern
MAC_XP1_AC0016,Ochre-marked Parakeet,Pyrrhura cruentata,05/04/2025,07:11:48,25.5,Vulnerable
MAC_XP1_AC0017,Kaempfer's Tody-Tyrant,Hemitriccus kaempferi,04/04/2025,08:01:08,27.7,Critically Endangered
MAC_XP1_AC0018,Brazilian Ruby,Clytolaema rubricauda,10/04/2025,06:51:29,10.3,Least Concern
MAC_XP1_AC0019,Sooty Tyrannulet,Serpophaga nigricans,07/04/2025,07:23:44,19.4,Least Concern
MAC_XP1_AC0020,Rufous-tailed Attila,Attila phoenicurus,13/04/2025,15:52:24,15.2,Least Concern
MAC_XP1_AC0021,Rufous-tailed Attila,Attila phoenicurus,05/04/2025,18:41:32,17,Least Concern
MAC_XP1_AC0022,Black-throated Grosbeak,Saltator fuliginosus,05/04/2025,06:51:02,15,Least Concern
MAC_XP1_AC0023,Bare-throated Bellbird,Procnias nudicollis,04/04/2025,07:18:54,12.9,Near Threatened
MAC_XP1_AC0024,Rufous-capped Antthrush,Formicarius colma,07/04/2025,06:07:44,30,Least Concern
MAC_XP1_AC0025,Restinga Antwren,Formicivora littoralis,07/04/2025,17:04:01,19.2,Critically Endangered
MAC_XP1_AC0026,Dusky-tailed Flatbill,Ramphotrigon fuscicauda,08/04/2025,18:01:38,11.3,Least Concern
MAC_XP1_AC0027,White-collared Foliage-gleaner,Anabazenops fuscus,10/04/2025,11:19:42,10.6,Least Concern
MAC_XP1_AC0028,Maroon-bellied Parakeet,Pyrrhura frontalis,14/04/2025,14:03:07,16.6,Least Concern
MAC_XP1_AC0029,Brassy-breasted Tanager,Tangara desmaresti,11/04/2025,10:13:48,26.3,Least Concern
MAC_XP1_AC0030,Blue Manakin,Chiroxiphia caudata,09/04/2025,07:49:53,28.2,Least Concern
MAC_XP1_AC0031,Scaled Antbird,Drymophila squamata,09/04/2025,18:42:50,10,Least Concern
MAC_XP1_AC0032,Blue Manakin,Chiroxiphia caudata,14/04/2025,07:08:46,20.1,Least Concern
MAC_XP1_AC0033,Planalto Woodcreeper,Dendrocolaptes platyrostris,11/04/2025,06:24:51,23.9,Least Concern
MAC_XP1_AC0034,Buff-browed Foliage-gleaner,Syndactyla rufosuperciliata,09/04/2025,17:09:03,29.3,Least Concern
MAC_XP1_AC0035,White-bearded Manakin,Manacus manacus,07/04/2025,12:27:23,17.1,Least Concern
MAC_XP1_AC0036,Sibilant Sirystes,Sirystes sibilator,12/04/2025,08:43:20,22.5,Least Concern
MAC_XP1_AC0037,Red-browed Amazon,Amazona rhodocorytha,09/04/2025,08:14:41,28.6,Endangered
MAC_XP1_AC0038,Sao Paulo Tyrannulet,Phylloscartes paulista,07/04/2025,06:24:55,21,Vulnerable
MAC_XP1_AC0039,Banded Cotinga,Cotinga maculata,14/04/2025,07:35:47,19.2,Critically Endangered
MAC_XP1_AC0040,Blue Manakin,Chiroxiphia caudata,05/04/2025,06:05:03,13.8,Least Concern
MAC_XP1_AC0041,Ochre-breasted Foliage-gleaner,Philydor lichtensteini,11/04/2025,08:29:38,50.5,Least Concern
MAC_XP1_AC0042,Bare-throated Bellbird,Procnias nudicollis,12/04/2025,08:39:45,25.8,Near Threatened
MAC_XP1_AC0043,White-barred Piculet,Picumnus cirratus,10/04/2025,18:38:37,21.9,Least Concern
MAC_XP1_AC0044,Restinga Antwren,Formicivora littoralis,06/04/2025,01:17:33,28.3,Critically Endangered
MAC_XP1_AC0045,Plovercrest,Stephanoxis lalandi,08/04/2025,17:28:19,22.9,Least Concern
MAC_XP1_AC0046,Rufous-capped Antthrush,Formicarius colma,08/04/2025,08:31:47,26.3,Least Concern
MAC_XP1_AC0047,White-throated Hummingbird,Leucochloris albicollis,04/04/2025,04:18:38,28.8,Least Concern
MAC_XP1_AC0048,Ochre-marked Parakeet,Pyrrhura cruentata,09/04/2025,18:16:28,13.3,Vulnerable
MAC_XP1_AC0049,Blue-bellied Parrot,Triclaria malachitacea,11/04/2025,09:55:49,29,Near Threatened
MAC_XP1_AC0050,Rufous-capped Antthrush,Formicarius colma,11/04/2025,13:06:55,37.2,Least Concern
MAC_XP1_AC0051,Buff-browed Foliage-gleaner,Syndactyla rufosuperciliata,08/04/2025,18:08:51,19.3,Least Concern
MAC_XP1_AC0052,Maroon-bellied Parakeet,Pyrrhura frontalis,08/04/2025,08:24:31,14.9,Least Concern
MAC_XP1_AC0053,White-bearded Manakin,Manacus manacus,07/04/2025,18:29:09,20.7,Least Concern
MAC_XP1_AC0054,White-throated Hummingbird,Leucochloris albicollis,04/04/2025,17:11:55,28.4,Least Concern
MAC_XP1_AC0055,Gray-winged Cotinga,Lipaugus conditus,04/04/2025,18:11:17,19.3,Critically Endangered
MAC_XP1_AC0056,Ochre-marked Parakeet,Pyrrhura cruentata,09/04/2025,07:55:51,45,Vulnerable
MAC_XP1_AC0057,Brazilian Ruby,Clytolaema rubricauda,13/04/2025,06:25:36,15.3,Least Concern
MAC_XP1_AC0058,Rufous-tailed Attila,Attila phoenicurus,14/04/2025,18:50:24,18,Least Concern
MAC_XP1_AC0059,Kaempfer's Tody-Tyrant,Hemitriccus kaempferi,05/04/2025,18:58:09,20.4,Critically Endangered
MAC_XP1_AC0060,Crescent-chested Puffbird,Malacoptila striata,09/04/2025,12:28:01,17.1,Least Concern
MAC_XP1_AC0061,Glittering-bellied Emerald,Chlorostilbon lucidus,13/04/2025,06:26:14,14.6,Least Concern
MAC_XP1_AC0062,Buff-browed Foliage-gleaner,Syndactyla rufosuperciliata,10/04/2025,23:21:28,28.8,Least Concern
MAC_XP1_AC0063,Sibilant Sirystes,Sirystes sibilator,07/04/2025,10:14:43,15.4,Least Concern
MAC_XP1_AC0064,Rufous-tailed Attila,Attila phoenicurus,08/04/2025,08:35:09,49.9,Least Concern
MAC_XP1_AC0065,Glittering-bellied Emerald,Chlorostilbon lucidus,11/04/2025,17:46:52,12.3,Least Concern
MAC_XP1_AC0066,White-eyed Parakeet,Psittacara leucophthalmus,07/04/2025,05:58:52,16,Least Concern
MAC_XP1_AC0067,Spot-backed Antshrike,Hypoedaleus guttatus,07/04/2025,12:32:38,23.8,Least Concern
MAC_XP1_AC0068,Rufous-tailed Attila,Attila phoenicurus,12/04/2025,08:44:58,58.1,Least Concern
MAC_XP1_AC0069,Chestnut-backed Antshrike,Thamnophilus palliatus,08/04/2025,06:14:24,26.8,Least Concern
MAC_XP1_AC0070,Rufous-capped Antthrush,Formicarius colma,07/04/2025,18:21:54,13.7,Least Concern
MAC_XP1_AC0071,Sharpbill,Oxyruncus cristatus,11/04/2025,06:50:39,16.7,Least Concern
MAC_XP1_AC0072,Crescent-chested Puffbird,Malacoptila striata,09/04/2025,17:03:40,13.3,Least Concern
MAC_XP1_AC0073,White-eyed Parakeet,Psittacara leucophthalmus,14/04/2025,07:41:47,28.5,Least Concern
MAC_XP1_AC0074,Maroon-bellied Parakeet,Pyrrhura frontalis,13/04/2025,12:55:39,26.3,Least Concern
MAC_XP1_AC0075,Brazilian Tanager,Ramphocelus bresilia,10/04/2025,07:00:41,24.5,Least Concern
MAC_XP1_AC0076,Red-ruffed Fruitcrow,Pyroderus scutatus,07/04/2025,22:10:45,17.5,Least Concern
MAC_XP1_AC0077,Fork-tailed Pygmy-Tyrant,Myiornis atricapillus,05/04/2025,05:19:31,19.2,Least Concern
MAC_XP1_AC0078,Restinga Antwren,Formicivora littoralis,12/04/2025,08:26:43,24,Critically Endangered
MAC_XP1_AC0079,Kaempfer's Tody-Tyrant,Hemitriccus kaempferi,13/04/2025,06:04:03,12.1,Critically Endangered
MAC_XP1_AC0080,Buff-throated Purpletuft,Iodopleura pipra,06/04/2025,06:15:16,11.8,Vulnerable
MAC_XP1_AC0081,Bahia Tapaculo,Eleoscytalopus psychopompus,06/04/2025,18:54:07,25.1,Endangered
MAC_XP1_AC0082,Sao Paulo Tyrannulet,Phylloscartes paulista,11/04/2025,07:40:21,24,Vulnerable
MAC_XP1_AC0083,White-collared Foliage-gleaner,Anabazenops fuscus,14/04/2025,07:48:22,49.6,Least Concern
MAC_XP1_AC0084,White-eyed Parakeet,Psittacara leucophthalmus,13/04/2025,02:51:17,26.2,Least Concern
MAC_XP1_AC0085,Violaceous Euphonia,Euphonia violacea,11/04/2025,06:29:20,24.8,Least Concern
MAC_XP1_AC0086,Brazilian Tanager,Ramphocelus bresilia,04/04/2025,05:31:52,21.7,Least Concern
MAC_XP1_AC0087,Olivaceous Woodcreeper,Sittasomus griseicapillus,13/04/2025,16:48:49,33.9,Least Concern
MAC_XP1_AC0088,Rufous Gnateater,Conopophaga lineata,06/04/2025,08:56:26,14.1,Least Concern
MAC_XP1_AC0089,White-throated Hummingbird,Leucochloris albicollis,07/04/2025,11:13:16,56.8,Least Concern
MAC_XP1_AC0090,Planalto Woodcreeper,Dendrocolaptes platyrostris,10/04/2025,14:37:11,27.2,Least Concern
MAC_XP1_AC0091,Glittering-bellied Emerald,Chlorostilbon lucidus,10/04/2025,07:23:25,18.2,Least Concern
MAC_XP1_AC0092,Sibilant Sirystes,Sirystes sibilator,08/04/2025,08:29:34,59.6,Least Concern
MAC_XP1_AC0093,Sao Paulo Tyrannulet,Phylloscartes paulista,08/04/2025,18:54:59,15.6,Vulnerable
MAC_XP1_AC0094,White-eyed Parakeet,Psittacara leucophthalmus,14/04/2025,06:16:51,15.7,Least Concern
MAC_XP1_AC0095,Sooty Tyrannulet,Serpophaga nigricans,09/04/2025,07:05:23,20.7,Least Concern
MAC_XP1_AC0096,Ochre-breasted Foliage-gleaner,Philydor lichtensteini,05/04/2025,03:16:05,18.4,Least Concern
MAC_XP1_AC0097,Black Jacobin,Florisuga fusca,05/04/2025,06:32:05,23.7,Least Concern
MAC_XP1_AC0098,Black Jacobin,Florisuga fusca,10/04/2025,23:24:11,28.7,Least Concern
MAC_XP1_AC0099,Surucua Trogon,Trogon surrucura,04/04/2025,11:27:54,24,Least Concern
MAC_XP1_AC0100,Rufous-capped Antthrush,Formicarius colma,13/04/2025,17:25:34,16.6,Least Concern
MAC_XP1_AC0101,Dusky-legged Guan,Penelope obscura,05/04/2025,08:49:59,26.7,Least Concern
MAC_XP1_AC0102,Crescent-chested Puffbird,Malacoptila striata,11/04/2025,16:30:04,19.6,Least Concern
MAC_XP1_AC0103,Bahia Tapaculo,Eleoscytalopus psychopompus,10/04/2025,17:03:19,18.1,Endangered
MAC_XP1_AC0104,Red-necked Tanager,Tangara cyanocephala,09/04/2025,22:57:56,18.5,Least Concern
MAC_XP1_AC0105,Red-browed Amazon,Amazona rhodocorytha,09/04/2025,06:40:44,21.4,Endangered
MAC_XP1_AC0106,Dusky-tailed Flatbill,Ramphotrigon fuscicauda,09/04/2025,17:53:35,25,Least Concern
MAC_XP1_AC0107,Saffron Toucanet,Pteroglossus bailloni,08/04/2025,07:10:24,14.4,Near Threatened
MAC_XP1_AC0108,Gray-winged Cotinga,Lipaugus conditus,10/04/2025,03:13:30,41.3,Critically Endangered
MAC_XP1_AC0109,Blue-bellied Parrot,Triclaria malachitacea,08/04/2025,17:12:05,13.3,Near Threatened
MAC_XP1_AC0110,White-eyed Parakeet,Psittacara leucophthalmus,08/04/2025,12:28:47,16.1,Least Concern
MAC_XP1_AC0111,Blue-bellied Parrot,Triclaria malachitacea,13/04/2025,06:31:47,29.7,Near Threatened
MAC_XP1_AC0112,Black-cheeked Gnateater,Conopophaga melanops,09/04/2025,18:35:48,24.2,Least Concern
MAC_XP1_AC0113,Green-barred Woodpecker,Colaptes melanochloros,08/04/2025,07:33:07,26.3,Least Concern
MAC_XP1_AC0114,Glittering-bellied Emerald,Chlorostilbon lucidus,09/04/2025,01:03:43,28.8,Least Concern
MAC_XP1_AC0115,Black-throated Grosbeak,Saltator fuliginosus,04/04/2025,06:01:52,17,Least Concern
MAC_XP1_AC0116,Pale-browed Treehunter,Cichlocolaptes leucophrus,06/04/2025,17:31:41,17.6,Least Concern
MAC_XP1_AC0117,Kaempfer's Tody-Tyrant,Hemitriccus kaempferi,04/04/2025,08:20:18,12.2,Critically Endangered
MAC_XP1_AC0118,Blue-bellied Parrot,Triclaria malachitacea,08/04/2025,07:36:09,11,Near Threatened
MAC_XP1_AC0119,White-throated Spadebill,Platyrinchus mystaceus,07/04/2025,07:01:27,11.2,Least Concern
MAC_XP1_AC0120,Bahia Tapaculo,Eleoscytalopus psychopompus,08/04/2025,17:48:58,15.9,Endangered
MAC_XP1_AC0121,Black-cheeked Gnateater,Conopophaga melanops,04/04/2025,16:24:52,16.5,Least Concern
MAC_XP1_AC0122,Fork-tailed Pygmy-Tyrant,Myiornis atricapillus,11/04/2025,22:18:16,13,Least Concern
MAC_XP1_AC0123,Restinga Antwren,Formicivora littoralis,14/04/2025,11:18:26,15.1,Critically Endangered
MAC_XP1_AC0124,Rufous-breasted Hermit,Glaucis hirsutus,05/04/2025,08:50:14,24.6,Least Concern
MAC_XP1_AC0125,Ochre-marked Parakeet,Pyrrhura cruentata,09/04/2025,12:00:49,22,Vulnerable
MAC_XP1_AC0126,Dusky-tailed Flatbill,Ramphotrigon fuscicauda,12/04/2025,21:41:10,26.5,Least Concern
MAC_XP1_AC0127,Gray-hooded Attila,Attila rufus,06/04/2025,08:59:57,10.6,Least Concern
MAC_XP1_AC0128,Ochre-breasted Foliage-gleaner,Philydor lichtensteini,13/04/2025,06:11:21,19.8,Least Concern
MAC_XP1_AC0129,Rufous-capped Antthrush,Formicarius colma,06/04/2025,22:50:39,23.7,Least Concern
MAC_XP1_AC0130,Surucua Trogon,Trogon surrucura,06/04/2025,07:46:38,25,Least Concern
MAC_XP1_AC0131,Olivaceous Woodcreeper,Sittasomus griseicapillus,13/04/2025,18:17:54,15.7,Least Concern
MAC_XP1_AC0132,Spot-breasted Antvireo,Dysithamnus stictothorax,06/04/2025,17:21:25,11.8,Near Threatened
MAC_XP1_AC0133,Sharpbill,Oxyruncus cristatus,06/04/2025,07:44:07,32.1,Least Concern
MAC_XP1_AC0134,Black Jacobin,Florisuga fusca,10/04/2025,21:47:47,19.8,Least Concern
MAC_XP1_AC0135,Fork-tailed Pygmy-Tyrant,Myiornis atricapillus,05/04/2025,17:02:12,22.8,Least Concern
MAC_XP1_AC0136,Rufous-tailed Attila,Attila phoenicurus,04/04/2025,18:50:09,21.7,Least Concern
MAC_XP1_AC0137,Blue Manakin,Chiroxiphia caudata,13/04/2025,18:34:02,15.2,Least Concern
MAC_XP1_AC0138,Sooty Tyrannulet,Serpophaga nigricans,04/04/2025,04:06:45,16.1,Least Concern
MAC_XP1_AC0139,Ochre-marked Parakeet,Pyrrhura cruentata,07/04/2025,23:30:23,20,Vulnerable
MAC_XP1_AC0140,Spot-backed Antshrike,Hypoedaleus guttatus,09/04/2025,05:02:42,16.2,Least Concern
MAC_XP1_AC0141,White-eyed Parakeet,Psittacara leucophthalmus,13/04/2025,15:22:25,58,Least Concern
MAC_XP1_AC0142,Rufous-tailed Attila,Attila phoenicurus,14/04/2025,17:39:41,25.6,Least Concern
MAC_XP1_AC0143,Ochre-marked Parakeet,Pyrrhura cruentata,07/04/2025,18:59:27,21.4,Vulnerable
MAC_XP1_AC0144,Ochre-breasted Foliage-gleaner,Philydor lichtensteini,12/04/2025,10:14:32,18.5,Least Concern
MAC_XP1_AC0145,White-collared Foliage-gleaner,Anabazenops fuscus,07/04/2025,08:09:18,12.6,Least Concern
MAC_XP1_AC0146,White-collared Foliage-gleaner,Anabazenops fuscus,09/04/2025,08:38:38,25.7,Least Concern
MAC_XP1_AC0147,Sooty Tyrannulet,Serpophaga nigricans,04/04/2025,08:31:28,23.9,Least Concern
MAC_XP1_AC0148,Brazilian Tanager,Ramphocelus bresilia,11/04/2025,17:25:22,17.3,Least Concern
MAC_XP1_AC0149,Black Jacobin,Florisuga fusca,08/04/2025,18:11:58,13.8,Least Concern
MAC_XP1_AC0150,Brazilian Tanager,Ramphocelus bresilia,05/04/2025,17:47:44,29.5,Least Concern
MAC_XP1_AC0151,Sao Paulo Tyrannulet,Phylloscartes paulista,09/04/2025,08:47:14,14.8,Vulnerable
MAC_XP1_AC0152,Rufous Gnateater,Conopophaga lineata,14/04/2025,18:05:18,16.9,Least Concern
MAC_XP1_AC0153,Rusty-margined Guan,Penelope superciliaris,05/04/2025,07:23:54,18.8,Least Concern
MAC_XP1_AC0154,Scaled Antbird,Drymophila squamata,08/04/2025,16:42:51,19.4,Least Concern
MAC_XP1_AC0155,Brazilian Tanager,Ramphocelus bresilia,11/04/2025,22:23:10,22.9,Least Concern
MAC_XP1_AC0156,White-eyed Parakeet,Psittacara leucophthalmus,11/04/2025,08:36:55,29.5,Least Concern
MAC_XP1_AC0157,Red-ruffed Fruitcrow,Pyroderus scutatus,11/04/2025,12:42:26,37.8,Least Concern
MAC_XP1_AC0158,Kaempfer's Tody-Tyrant,Hemitriccus kaempferi,14/04/2025,07:30:14,28,Critically Endangered
MAC_XP1_AC0159,Spot-backed Antshrike,Hypoedaleus guttatus,11/04/2025,16:53:10,24.9,Least Concern
MAC_XP1_AC0160,White-eyed Parakeet,Psittacara leucophthalmus,14/04/2025,18:49:22,25.4,Least Concern
MAC_XP1_AC0161,White-barred Piculet,Picumnus cirratus,07/04/2025,07:30:59,28.9,Least Concern
MAC_XP1_AC0162,Green-barred Woodpecker,Colaptes melanochloros,11/04/2025,17:53:01,22.8,Least Concern
MAC_XP1_AC0163,Planalto Woodcreeper,Dendrocolaptes platyrostris,05/04/2025,19:56:27,11.4,Least Concern
MAC_XP1_AC0164,White-barred Piculet,Picumnus cirratus,05/04/2025,17:28:11,29.8,Least Concern
MAC_XP1_AC0165,Dusky-tailed Flatbill,Ramphotrigon fuscicauda,11/04/2025,02:54:25,24.6,Least Concern
MAC_XP1_AC0166,Restinga Antwren,Formicivora littoralis,11/04/2025,08:32:50,22.4,Critically Endangered
MAC_XP1_AC0167,Brazilian Tanager,Ramphocelus bresilia,12/04/2025,18:19:10,18.4,Least Concern
MAC_XP1_AC0168,Rufous-tailed Attila,Attila phoenicurus,10/04/2025,08:04:10,26.3,Least Concern
MAC_XP1_AC0169,Green-headed Tanager,Tangara seledon,04/04/2025,18:42:35,17.9,Least Concern
MAC_XP1_AC0170,Buff-browed Foliage-gleaner,Syndactyla rufosuperciliata,04/04/2025,06:47:47,20,Least Concern
MAC_XP1_AC0171,Sharpbill,Oxyruncus cristatus,04/04/2025,18:26:59,13.3,Least Concern
MAC_XP1_AC0172,Sooty Tyrannulet,Serpophaga nigricans,06/04/2025,08:43:27,19.4,Least Concern
MAC_XP1_AC0173,White-browed Warbler,Myiothlypis leucoblephara,05/04/2025,04:17:34,12.1,Least Concern
MAC_XP1_AC0174,White-eyed Parakeet,Psittacara leucophthalmus,11/04/2025,09:37:12,10.9,Least Concern
MAC_XP1_AC0175,White-browed Warbler,Myiothlypis leucoblephara,08/04/2025,15:43:43,39.8,Least Concern
MAC_XP1_AC0176,Golden-chevroned Tanager,Thraupis ornata,10/04/2025,18:00:03,11.1,Least Concern
MAC_XP1_AC0177,Rufous-tailed Attila,Attila phoenicurus,06/04/2025,07:15:32,23.8,Least Concern
MAC_XP1_AC0178,White-bearded Manakin,Manacus manacus,08/04/2025,18:55:10,24.1,Least Concern
MAC_XP1_AC0179,Black-cheeked Gnateater,Conopophaga melanops,13/04/2025,02:54:19,15.6,Least Concern
MAC_XP1_AC0180,Southern Antpipit,Corythopis delalandi,13/04/2025,06:14:57,41.3,Least Concern
MAC_XP1_AC0181,Sharpbill,Oxyruncus cristatus,12/04/2025,17:29:29,21.4,Least Concern
MAC_XP1_AC0182,Dusky-legged Guan,Penelope obscura,07/04/2025,18:39:44,39.6,Least Concern
MAC_XP1_AC0183,Fork-tailed Pygmy-Tyrant,Myiornis atricapillus,12/04/2025,14:09:16,20.7,Least Concern
MAC_XP1_AC0184,Glittering-bellied Emerald,Chlorostilbon lucidus,10/04/2025,18:24:08,11.6,Least Concern
MAC_XP1_AC0185,Surucua Trogon,Trogon surrucura,11/04/2025,13:29:28,16.8,Least Concern
MAC_XP1_AC0186,Rufous-tailed Attila,Attila phoenicurus,10/04/2025,00:44:06,28.3,Least Concern
MAC_XP1_AC0187,Red-necked Tanager,Tangara cyanocephala,05/04/2025,11:08:26,27.7,Least Concern
MAC_XP1_AC0188,Sooty Tyrannulet,Serpophaga nigricans,11/04/2025,04:50:10,19.8,Least Concern
MAC_XP1_AC0189,Atlantic Royal Flycatcher,Onychorhynchus swainsoni,04/04/2025,17:28:03,26.8,Vulnerable
MAC_XP1_AC0190,Planalto Woodcreeper,Dendrocolaptes platyrostris,11/04/2025,17:01:10,10.6,Least Concern
MAC_XP1_AC0191,Red-ruffed Fruitcrow,Pyroderus scutatus,08/04/2025,09:33:09,28.1,Least Concern
MAC_XP1_AC0192,Restinga Antwren,Formicivora littoralis,05/04/2025,17:16:34,16.8,Critically Endangered
MAC_XP1_AC0193,Violaceous Euphonia,Euphonia violacea,14/04/2025,12:08:05,23.7,Least Concern
MAC_XP1_AC0194,Southern Antpipit,Corythopis delalandi,14/04/2025,02:30:31,39.5,Least Concern
MAC_XP1_AC0195,Bahia Tapaculo,Eleoscytalopus psychopompus,05/04/2025,11:49:20,20.2,Endangered
MAC_XP1_AC0196,Planalto Woodcreeper,Dendrocolaptes platyrostris,11/04/2025,08:37:59,21.7,Least Concern
MAC_XP1_AC0197,Southern Antpipit,Corythopis delalandi,14/04/2025,18:20:05,25.6,Least Concern
MAC_XP1_AC0198,Glittering-bellied Emerald,Chlorostilbon lucidus,09/04/2025,06:29:33,18.3,Least Concern
MAC_XP1_AC0199,Plovercrest,Stephanoxis lalandi,11/04/2025,03:09:09,51.3,Least Concern
MAC_XP1_AC0200,Brassy-breasted Tanager,Tangara desmaresti,11/04/2025,23:39:54,11.5,Least Concern
MAC_XP1_AC0201,Red-browed Amazon,Amazona rhodocorytha,04/04/2025,08:55:13,15.4,Endangered
MAC_XP1_AC0202,Southern Antpipit,Corythopis delalandi,05/04/2025,06:48:15,16.4,Least Concern
MAC_XP1_AC0203,Gray-hooded Attila,Attila rufus,05/04/2025,11:31:48,15.9,Least Concern
MAC_XP1_AC0204,Crescent-chested Puffbird,Malacoptila striata,13/04/2025,17:33:25,11.3,Least Concern
MAC_XP1_AC0205,Scaled Antbird,Drymophila squamata,11/04/2025,17:22:34,52.6,Least Concern
MAC_XP1_AC0206,Southern Antpipit,Corythopis delalandi,13/04/2025,08:13:49,15.8,Least Concern
MAC_XP1_AC0207,Blue Manakin,Chiroxiphia caudata,07/04/2025,17:32:11,11.2,Least Concern
MAC_XP1_AC0208,Southern Antpipit,Corythopis delalandi,12/04/2025,06:58:05,25.7,Least Concern
MAC_XP1_AC0209,Black-throated Grosbeak,Saltator fuliginosus,05/04/2025,13:28:08,19.1,Least Concern
MAC_XP1_AC0210,Green-barred Woodpecker,Colaptes melanochloros,09/04/2025,06:59:06,25,Least Concern
MAC_XP1_AC0211,Planalto Woodcreeper,Dendrocolaptes platyrostris,13/04/2025,23:55:24,13.4,Least Concern
MAC_XP1_AC0212,Spot-breasted Antvireo,Dysithamnus stictothorax,11/04/2025,14:41:46,20,Near Threatened
MAC_XP1_AC0213,Planalto Woodcreeper,Dendrocolaptes platyrostris,04/04/2025,02:29:18,26.4,Least Concern
MAC_XP1_AC0214,Sharpbill,Oxyruncus cristatus,12/04/2025,07:14:14,15.6,Least Concern
MAC_XP1_AC0215,Black-throated Grosbeak,Saltator fuliginosus,08/04/2025,17:26:20,13.8,Least Concern
MAC_XP1_AC0216,Red-browed Amazon,Amazona rhodocorytha,11/04/2025,17:57:03,26.6,Endangered
MAC_XP1_AC0217,Rufous-breasted Hermit,Glaucis hirsutus,07/04/2025,15:04:13,18.6,Least Concern
MAC_XP1_AC0218,Red-ruffed Fruitcrow,Pyroderus scutatus,12/04/2025,16:34:05,28.6,Least Concern
MAC_XP1_AC0219,Fork-tailed Pygmy-Tyrant,Myiornis atricapillus,13/04/2025,06:49:42,12.6,Least Concern
MAC_XP1_AC0220,Ochre-breasted Foliage-gleaner,Philydor lichtensteini,10/04/2025,13:39:12,28.2,Least Concern
MAC_XP1_AC0221,Violaceous Euphonia,Euphonia violacea,12/04/2025,06:48:12,16.1,Least Concern
MAC_XP1_AC0222,White-browed Warbler,Myiothlypis leucoblephara,09/04/2025,18:53:18,26.8,Least Concern
MAC_XP1_AC0223,Rufous-tailed Attila,Attila phoenicurus,09/04/2025,09:06:44,30.6,Least Concern
MAC_XP1_AC0224,Buff-browed Foliage-gleaner,Syndactyla rufosuperciliata,10/04/2025,04:30:40,55.2,Least Concern
MAC_XP1_AC0225,White-browed Warbler,Myiothlypis leucoblephara,12/04/2025,08:56:42,39.9,Least Concern
MAC_XP1_AC0226,Black Jacobin,Florisuga fusca,12/04/2025,08:48:01,11.4,Least Concern
MAC_XP1_AC0227,Rufous Gnateater,Conopophaga lineata,12/04/2025,09:09:40,47.7,Least Concern
MAC_XP1_AC0228,Rufous-breasted Hermit,Glaucis hirsutus,05/04/2025,23:07:00,15.2,Least Concern
MAC_XP1_AC0229,Brazilian Tanager,Ramphocelus bresilia,12/04/2025,07:18:11,29.9,Least Concern
MAC_XP1_AC0230,White-throated Spadebill,Platyrinchus mystaceus,08/04/2025,07:52:55,11.4,Least Concern
MAC_XP1_AC0231,Saffron Toucanet,Pteroglossus bailloni,04/04/2025,18:46:48,18.7,Near Threatened
MAC_XP1_AC0232,Rusty-margined Guan,Penelope superciliaris,06/04/2025,17:19:10,17.6,Least Concern
MAC_XP1_AC0233,Spot-breasted Antvireo,Dysithamnus stictothorax,13/04/2025,08:20:43,16.1,Near Threatened
MAC_XP1_AC0234,White-bearded Manakin,Manacus manacus,06/04/2025,06:19:13,13.4,Least Concern
MAC_XP1_AC0235,Fork-tailed Pygmy-Tyrant,Myiornis atricapillus,09/04/2025,16:26:47,24.7,Least Concern
MAC_XP1_AC0236,Buff-browed Foliage-gleaner,Syndactyla rufosuperciliata,07/04/2025,00:30:42,37.9,Least Concern
MAC_XP1_AC0237,Brassy-breasted Tanager,Tangara desmaresti,14/04/2025,17:07:29,12.7,Least Concern
MAC_XP1_AC0238,Black Jacobin,Florisuga fusca,13/04/2025,07:21:09,11.9,Least Concern
MAC_XP1_AC0239,Rufous Gnateater,Conopophaga lineata,08/04/2025,07:08:21,12.9,Least Concern
MAC_XP1_AC0240,Southern Antpipit,Corythopis delalandi,08/04/2025,16:23:00,20.5,Least Concern
MAC_XP1_AC0241,Atlantic Royal Flycatcher,Onychorhynchus swainsoni,11/04/2025,07:03:24,20.3,Vulnerable
MAC_XP1_AC0242,Rufous-capped Antthrush,Formicarius colma,06/04/2025,18:24:12,26.8,Least Concern
MAC_XP1_AC0243,White-eyed Parakeet,Psittacara leucophthalmus,08/04/2025,06:29:13,45.9,Least Concern
MAC_XP1_AC0244,White-throated Hummingbird,Leucochloris albicollis,12/04/2025,06:09:51,26.9,Least Concern
MAC_XP1_AC0245,Gray-winged Cotinga,Lipaugus conditus,07/04/2025,07:47:05,19.9,Critically Endangered
MAC_XP1_AC0246,Green-headed Tanager,Tangara seledon,07/04/2025,08:01:39,19.8,Least Concern
MAC_XP1_AC0247,Brazilian Tanager,Ramphocelus bresilia,09/04/2025,08:14:12,19.3,Least Concern
MAC_XP1_AC0248,Planalto Woodcreeper,Dendrocolaptes platyrostris,06/04/2025,07:30:27,26,Least Concern
MAC_XP1_AC0249,Green-barred Woodpecker,Colaptes melanochloros,07/04/2025,04:47:57,24.4,Least Concern
MAC_XP1_AC0250,Olivaceous Woodcreeper,Sittasomus griseicapillus,08/04/2025,17:15:54,22.4,Least Concern
MAC_XP1_AC0251,Green-barred Woodpecker,Colaptes melanochloros,07/04/2025,13:32:12,10.8,Least Concern
MAC_XP1_AC0252,Southern Antpipit,Corythopis delalandi,09/04/2025,17:47:09,16.3,Least Concern
MAC_XP1_AC0253,Blue-bellied Parrot,Triclaria malachitacea,04/04/2025,06:01:20,56.3,Near Threatened
MAC_XP1_AC0254,Red-necked Tanager,Tangara cyanocephala,09/04/2025,00:59:21,27.4,Least Concern
MAC_XP1_AC0255,Violaceous Euphonia,Euphonia violacea,06/04/2025,06:57:12,21.2,Least Concern
MAC_XP1_AC0256,White-eyed Parakeet,Psittacara leucophthalmus,08/04/2025,17:07:27,26.9,Least Concern
MAC_XP1_AC0257,Dusky-tailed Flatbill,Ramphotrigon fuscicauda,06/04/2025,18:34:07,15.2,Least Concern
MAC_XP1_AC0258,White-throated Spadebill,Platyrinchus mystaceus,09/04/2025,06:54:08,26.6,Least Concern
MAC_XP1_AC0259,Spot-backed Antshrike,Hypoedaleus guttatus,07/04/2025,06:28:05,21.4,Least Concern
MAC_XP1_AC0260,Dusky-tailed Flatbill,Ramphotrigon fuscicauda,11/04/2025,09:17:50,23.4,Least Concern
MAC_XP1_AC0261,White-browed Warbler,Myiothlypis leucoblephara,09/04/2025,08:44:43,17.8,Least Concern
MAC_XP1_AC0262,Spot-breasted Antvireo,Dysithamnus stictothorax,09/04/2025,16:54:32,26.1,Near Threatened
MAC_XP1_AC0263,White-browed Warbler,Myiothlypis leucoblephara,12/04/2025,07:34:38,28.3,Least Concern
MAC_XP1_AC0264,Black Jacobin,Florisuga fusca,04/04/2025,17:02:32,29.5,Least Concern
MAC_XP1_AC0265,Green-headed Tanager,Tangara seledon,09/04/2025,17:12:18,29.1,Least Concern
MAC_XP1_AC0266,Atlantic Royal Flycatcher,Onychorhynchus swainsoni,08/04/2025,11:38:18,17.9,Vulnerable
MAC_XP1_AC0267,Ochre-marked Parakeet,Pyrrhura cruentata,12/04/2025,07:56:02,48.5,Vulnerable
MAC_XP1_AC0268,Rufous-capped Antthrush,Formicarius colma,05/04/2025,08:39:19,15.6,Least Concern
MAC_XP1_AC0269,Red-necked Tanager,Tangara cyanocephala,14/04/2025,06:13:58,11.7,Least Concern
MAC_XP1_AC0270,Glittering-bellied Emerald,Chlorostilbon lucidus,14/04/2025,17:52:07,48.5,Least Concern
MAC_XP1_AC0271,Plovercrest,Stephanoxis lalandi,04/04/2025,13:26:49,21.8,Least Concern
MAC_XP1_AC0272,Golden-chevroned Tanager,Thraupis ornata,09/04/2025,16:26:34,10.4,Least Concern
MAC_XP1_AC0273,Black-throated Grosbeak,Saltator fuliginosus,08/04/2025,18:25:23,13.3,Least Concern
MAC_XP1_AC0274,Atlantic Royal Flycatcher,Onychorhynchus swainsoni,14/04/2025,08:39:07,26.7,Vulnerable
MAC_XP1_AC0275,Buff-throated Purpletuft,Iodopleura pipra,06/04/2025,18:30:49,59.7,Vulnerable
MAC_XP1_AC0276,White-browed Warbler,Myiothlypis leucoblephara,14/04/2025,18:17:12,28,Least Concern
MAC_XP1_AC0277,White-bearded Manakin,Manacus manacus,07/04/2025,08:58:33,14.8,Least Concern
MAC_XP1_AC0278,Brazilian Tanager,Ramphocelus bresilia,12/04/2025,06:03:40,11.6,Least Concern
MAC_XP1_AC0279,White-bearded Manakin,Manacus manacus,14/04/2025,08:34:02,10,Least Concern
MAC_XP1_AC0280,Violaceous Euphonia,Euphonia violacea,09/04/2025,08:19:02,47.4,Least Concern
MAC_XP1_AC0281,Green-headed Tanager,Tangara seledon,10/04/2025,18:22:41,12.8,Least Concern
MAC_XP1_AC0282,Dusky-tailed Flatbill,Ramphotrigon fuscicauda,13/04/2025,15:43:43,26.8,Least Concern
MAC_XP1_AC0283,Maroon-bellied Parakeet,Pyrrhura frontalis,07/04/2025,07:25:15,22.8,Least Concern
MAC_XP1_AC0284,White-barred Piculet,Picumnus cirratus,05/04/2025,07:21:50,13.9,Least Concern
MAC_XP1_AC0285,Spot-breasted Antvireo,Dysithamnus stictothorax,07/04/2025,19:34:34,18.1,Near Threatened
MAC_XP1_AC0286,Dusky-tailed Flatbill,Ramphotrigon fuscicauda,08/04/2025,08:44:50,33.3,Least Concern
MAC_XP1_AC0287,Brassy-breasted Tanager,Tangara desmaresti,10/04/2025,15:19:12,25.7,Least Concern
MAC_XP1_AC0288,White-throated Hummingbird,Leucochloris albicollis,08/04/2025,06:10:40,26.1,Least Concern
MAC_XP1_AC0289,White-throated Hummingbird,Leucochloris albicollis,13/04/2025,13:38:50,10.4,Least Concern
MAC_XP1_AC0290,Scaled Antbird,Drymophila squamata,09/04/2025,07:05:28,13.6,Least Concern
MAC_XP1_AC0291,Southern Antpipit,Corythopis delalandi,11/04/2025,17:32:35,24.1,Least Concern
MAC_XP1_AC0292,Bare-throated Bellbird,Procnias nudicollis,08/04/2025,17:34:12,17.5,Near Threatened
MAC_XP1_AC0293,Sooty Tyrannulet,Serpophaga nigricans,04/04/2025,04:21:36,25.5,Least Concern
MAC_XP1_AC0294,Banded Cotinga,Cotinga maculata,12/04/2025,08:48:42,10.5,Critically Endangered
MAC_XP1_AC0295,Black-throated Grosbeak,Saltator fuliginosus,12/04/2025,06:59:07,14.5,Least Concern
MAC_XP1_AC0296,Black Jacobin,Florisuga fusca,07/04/2025,17:59:23,16.3,Least Concern
MAC_XP1_AC0297,Restinga Antwren,Formicivora littoralis,07/04/2025,11:55:30,16.9,Critically Endangered
MAC_XP1_AC0298,Red-browed Amazon,Amazona rhodocorytha,12/04/2025,18:50:18,28.5,Endangered
MAC_XP1_AC0299,Chestnut-backed Antshrike,Thamnophilus palliatus,14/04/2025,18:01:21,10.2,Least Concern
MAC_XP1_AC0300,Buff-throated Purpletuft,Iodopleura pipra,07/04/2025,12:23:38,25.1,Vulnerable
MAC_XP1_AC0301,White-eyed Parakeet,Psittacara leucophthalmus,12/04/2025,12:22:32,14.2,Least Concern
MAC_XP1_AC0302,Chestnut-backed Antshrike,Thamnophilus palliatus,10/04/2025,10:33:32,16.7,Least Concern
MAC_XP1_AC0303,Banded Cotinga,Cotinga maculata,04/04/2025,16:53:50,11.9,Critically Endangered
MAC_XP1_AC0304,Green-barred Woodpecker,Colaptes melanochloros,13/04/2025,18:25:54,13.4,Least Concern
MAC_XP1_AC0305,Blue-bellied Parrot,Triclaria malachitacea,10/04/2025,07:11:40,25.1,Near Threatened
MAC_XP1_AC0306,Fork-tailed Pygmy-Tyrant,Myiornis atricapillus,14/04/2025,18:26:04,18.6,Least Concern
MAC_XP1_AC0307,Olivaceous Woodcreeper,Sittasomus griseicapillus,07/04/2025,05:18:49,17.6,Least Concern
MAC_XP1_AC0308,Chestnut-backed Antshrike,Thamnophilus palliatus,14/04/2025,06:52:29,39.6,Least Concern
MAC_XP1_AC0309,Sooty Tyrannulet,Serpophaga nigricans,07/04/2025,03:33:42,20.6,Least Concern
MAC_XP1_AC0310,Ochre-marked Parakeet,Pyrrhura cruentata,08/04/2025,18:49:14,58.6,Vulnerable
MAC_XP1_AC0311,Fork-tailed Pygmy-Tyrant,Myiornis atricapillus,07/04/2025,12:33:50,18.8,Least Concern
MAC_XP1_AC0312,Golden-chevroned Tanager,Thraupis ornata,09/04/2025,18:44:35,25.7,Least Concern
MAC_XP1_AC0313,Restinga Antwren,Formicivora littoralis,12/04/2025,07:47:53,59.9,Critically Endangered
MAC_XP1_AC0314,Pale-browed Treehunter,Cichlocolaptes leucophrus,11/04/2025,18:21:06,28.5,Least Concern
MAC_XP1_AC0315,Blue Manakin,Chiroxiphia caudata,06/04/2025,18:43:24,13.8,Least Concern
MAC_XP1_AC0316,Restinga Antwren,Formicivora littoralis,08/04/2025,07:02:48,11.3,Critically Endangered
MAC_XP1_AC0317,Sooty Tyrannulet,Serpophaga nigricans,05/04/2025,18:57:36,20,Least Concern
MAC_XP1_AC0318,Ochre-marked Parakeet,Pyrrhura cruentata,08/04/2025,07:46:42,23.2,Vulnerable
MAC_XP1_AC0319,Brazilian Ruby,Clytolaema rubricauda,14/04/2025,06:33:20,10.7,Least Concern
MAC_XP1_AC0320,Brazilian Tanager,Ramphocelus bresilia,14/04/2025,18:42:38,27.6,Least Concern
MAC_XP1_AC0321,Atlantic Royal Flycatcher,Onychorhynchus swainsoni,07/04/2025,17:41:46,17.7,Vulnerable
MAC_XP1_AC0322,Kaempfer's Tody-Tyrant,Hemitriccus kaempferi,13/04/2025,06:23:18,29.4,Critically Endangered
MAC_XP1_AC0323,Surucua Trogon,Trogon surrucura,09/04/2025,23:06:37,17.4,Least Concern
MAC_XP1_AC0324,Kaempfer's Tody-Tyrant,Hemitriccus kaempferi,13/04/2025,06:17:29,38.7,Critically Endangered
MAC_XP1_AC0325,Brazilian Tanager,Ramphocelus bresilia,04/04/2025,18:03:59,11.5,Least Concern
MAC_XP1_AC0326,Planalto Woodcreeper,Dendrocolaptes platyrostris,14/04/2025,17:02:41,18.9,Least Concern
MAC_XP1_AC0327,Restinga Antwren,Formicivora littoralis,06/04/2025,07:46:20,58.7,Critically Endangered
MAC_XP1_AC0328,White-collared Foliage-gleaner,Anabazenops fuscus,11/04/2025,10:40:28,23.5,Least Concern
MAC_XP1_AC0329,Atlantic Royal Flycatcher,Onychorhynchus swainsoni,07/04/2025,07:27:16,16.3,Vulnerable
MAC_XP1_AC0330,Sao Paulo Tyrannulet,Phylloscartes paulista,14/04/2025,21:17:33,12.8,Vulnerable
MAC_XP1_AC0331,Blue-bellied Parrot,Triclaria malachitacea,04/04/2025,18:10:48,18.4,Near Threatened
MAC_XP1_AC0332,White-bearded Manakin,Manacus manacus,08/04/2025,17:24:01,11.5,Least Concern
MAC_XP1_AC0333,Rusty-margined Guan,Penelope superciliaris,13/04/2025,16:36:08,14.6,Least Concern
MAC_XP1_AC0334,Olivaceous Woodcreeper,Sittasomus griseicapillus,07/04/2025,17:23:07,15,Least Concern
MAC_XP1_AC0335,Buff-throated Purpletuft,Iodopleura pipra,06/04/2025,17:07:58,10.3,Vulnerable
MAC_XP1_AC0336,Saffron Toucanet,Pteroglossus bailloni,07/04/2025,10:33:33,15.8,Near Threatened
MAC_XP1_AC0337,Gray-winged Cotinga,Lipaugus conditus,08/04/2025,06:07:07,25.1,Critically Endangered
MAC_XP1_AC0338,Violaceous Euphonia,Euphonia violacea,06/04/2025,18:32:40,21.5,Least Concern
MAC_XP1_AC0339,Sooty Tyrannulet,Serpophaga nigricans,12/04/2025,03:45:45,12.3,Least Concern
MAC_XP1_AC0340,Rufous-breasted Hermit,Glaucis hirsutus,11/04/2025,17:07:40,18.6,Least Concern
MAC_XP1_AC0341,Spot-breasted Antvireo,Dysithamnus stictothorax,07/04/2025,06:01:56,13.1,Near Threatened
MAC_XP1_AC0342,Sooty Tyrannulet,Serpophaga nigricans,05/04/2025,07:55:47,13.9,Least Concern
MAC_XP1_AC0343,Chestnut-backed Antshrike,Thamnophilus palliatus,13/04/2025,08:37:41,39.9,Least Concern
MAC_XP1_AC0344,Buff-throated Purpletuft,Iodopleura pipra,06/04/2025,04:56:04,28.2,Vulnerable
MAC_XP1_AC0345,Brassy-breasted Tanager,Tangara desmaresti,05/04/2025,16:52:34,13.4,Least Concern
MAC_XP1_AC0346,Blue Manakin,Chiroxiphia caudata,10/04/2025,17:34:59,22.1,Least Concern
MAC_XP1_AC0347,Olivaceous Woodcreeper,Sittasomus griseicapillus,13/04/2025,13:06:29,13.7,Least Concern
MAC_XP1_AC0348,White-bearded Manakin,Manacus manacus,10/04/2025,07:16:33,27.7,Least Concern
MAC_XP1_AC0349,Gray-winged Cotinga,Lipaugus conditus,06/04/2025,17:27:25,15.9,Critically Endangered
MAC_XP1_AC0350,Black-throated Grosbeak,Saltator fuliginosus,10/04/2025,01:07:57,21.5,Least Concern
MAC_XP1_AC0351,Brazilian Ruby,Clytolaema rubricauda,12/04/2025,07:28:56,23.7,Least Concern
MAC_XP1_AC0352,Rufous-tailed Attila,Attila phoenicurus,10/04/2025,17:52:46,18.3,Least Concern
MAC_XP1_AC0353,Glittering-bellied Emerald,Chlorostilbon lucidus,04/04/2025,17:51:18,13.1,Least Concern
MAC_XP1_AC0354,Brazilian Tanager,Ramphocelus bresilia,10/04/2025,23:24:29,14.9,Least Concern
MAC_XP1_AC0355,Rufous-tailed Attila,Attila phoenicurus,05/04/2025,13:44:13,18.7,Least Concern
MAC_XP1_AC0356,Rusty-margined Guan,Penelope superciliaris,06/04/2025,18:10:04,13.6,Least Concern
MAC_XP1_AC0357,White-collared Foliage-gleaner,Anabazenops fuscus,09/04/2025,08:15:29,21.1,Least Concern
MAC_XP1_AC0358,Golden-chevroned Tanager,Thraupis ornata,08/04/2025,06:10:55,19,Least Concern
MAC_XP1_AC0359,Glittering-bellied Emerald,Chlorostilbon lucidus,13/04/2025,06:16:27,13.7,Least Concern
MAC_XP1_AC0360,Atlantic Royal Flycatcher,Onychorhynchus swainsoni,07/04/2025,12:34:28,19.8,Vulnerable
MAC_XP1_AC0361,Red-necked Tanager,Tangara cyanocephala,07/04/2025,06:09:34,28.5,Least Concern
MAC_XP1_AC0362,Ochre-breasted Foliage-gleaner,Philydor lichtensteini,08/04/2025,07:44:52,20.6,Least Concern
MAC_XP1_AC0363,Restinga Antwren,Formicivora littoralis,10/04/2025,14:40:18,16,Critically Endangered
MAC_XP1_AC0364,Golden-chevroned Tanager,Thraupis ornata,10/04/2025,07:34:28,27,Least Concern
MAC_XP1_AC0365,Rufous-breasted Hermit,Glaucis hirsutus,12/04/2025,04:38:19,19.2,Least Concern
MAC_XP1_AC0366,Crescent-chested Puffbird,Malacoptila striata,14/04/2025,17:48:19,25.6,Least Concern
MAC_XP1_AC0367,Buff-throated Purpletuft,Iodopleura pipra,12/04/2025,17:04:03,25.2,Vulnerable
MAC_XP1_AC0368,Rufous Gnateater,Conopophaga lineata,09/04/2025,10:17:13,22,Least Concern
MAC_XP1_AC0369,Crescent-chested Puffbird,Malacoptila striata,12/04/2025,18:24:50,15.1,Least Concern
MAC_XP1_AC0370,Chestnut-backed Antshrike,Thamnophilus palliatus,05/04/2025,15:47:34,39.2,Least Concern
MAC_XP1_AC0371,Olivaceous Woodcreeper,Sittasomus griseicapillus,05/04/2025,18:50:56,12.2,Least Concern
MAC_XP1_AC0372,Sooty Tyrannulet,Serpophaga nigricans,11/04/2025,07:43:34,23.8,Least Concern
MAC_XP1_AC0373,Bare-throated Bellbird,Procnias nudicollis,14/04/2025,18:31:57,18.8,Near Threatened
MAC_XP1_AC0374,Rufous-capped Antthrush,Formicarius colma,11/04/2025,06:11:45,27.2,Least Concern
MAC_XP1_AC0375,Black Jacobin,Florisuga fusca,05/04/2025,17:56:16,43.6,Least Concern
MAC_XP1_AC0376,Black Jacobin,Florisuga fusca,08/04/2025,18:19:11,24.1,Least Concern
MAC_XP1_AC0377,White-barred Piculet,Picumnus cirratus,08/04/2025,08:12:29,28.6,Least Concern
MAC_XP1_AC0378,Rusty-margined Guan,Penelope superciliaris,10/04/2025,00:20:42,13.5,Least Concern
MAC_XP1_AC0379,Plovercrest,Stephanoxis lalandi,08/04/2025,17:59:40,15.6,Least Concern
MAC_XP1_AC0380,Brassy-breasted Tanager,Tangara desmaresti,14/04/2025,06:50:58,50.6,Least Concern
MAC_XP1_AC0381,Olivaceous Woodcreeper,Sittasomus griseicapillus,07/04/2025,14:36:04,13.6,Least Concern
MAC_XP1_AC0382,Surucua Trogon,Trogon surrucura,08/04/2025,08:17:25,22.6,Least Concern
MAC_XP1_AC0383,Sharpbill,Oxyruncus cristatus,11/04/2025,00:35:36,21.2,Least Concern
MAC_XP1_AC0384,White-bearded Manakin,Manacus manacus,06/04/2025,19:27:58,14.6,Least Concern
MAC_XP1_AC0385,Dusky-tailed Flatbill,Ramphotrigon fuscicauda,06/04/2025,16:19:13,15,Least Concern
MAC_XP1_AC0386,Southern Antpipit,Corythopis delalandi,13/04/2025,01:08:59,37.7,Least Concern
MAC_XP1_AC0387,Black Jacobin,Florisuga fusca,11/04/2025,07:04:23,17.5,Least Concern
MAC_XP1_AC0388,Surucua Trogon,Trogon surrucura,10/04/2025,06:32:35,18.8,Least Concern
MAC_XP1_AC0389,Sooty Tyrannulet,Serpophaga nigricans,10/04/2025,17:31:43,13.1,Least Concern
MAC_XP1_AC0390,Gray-winged Cotinga,Lipaugus conditus,07/04/2025,05:23:18,28.3,Critically Endangered
MAC_XP1_AC0391,Red-necked Tanager,Tangara cyanocephala,10/04/2025,18:36:33,52.6,Least Concern
MAC_XP1_AC0392,Olivaceous Woodcreeper,Sittasomus griseicapillus,08/04/2025,07:38:50,25.8,Least Concern
MAC_XP1_AC0393,Spot-breasted Antvireo,Dysithamnus stictothorax,13/04/2025,07:09:15,20.5,Near Threatened
MAC_XP1_AC0394,Olivaceous Woodcreeper,Sittasomus griseicapillus,05/04/2025,12:50:24,27.3,Least Concern
MAC_XP1_AC0395,Plovercrest,Stephanoxis lalandi,09/04/2025,06:09:32,21.5,Least Concern
MAC_XP1_AC0396,Red-browed Amazon,Amazona rhodocorytha,12/04/2025,06:23:50,21.2,Endangered
MAC_XP1_AC0397,Spot-breasted Antvireo,Dysithamnus stictothorax,11/04/2025,08:13:26,11.1,Near Threatened
MAC_XP1_AC0398,Pale-browed Treehunter,Cichlocolaptes leucophrus,14/04/2025,18:53:30,15.8,Least Concern
MAC_XP1_AC0399,White-throated Spadebill,Platyrinchus mystaceus,13/04/2025,00:36:18,29.7,Least Concern
MAC_XP1_AC0400,Rufous Gnateater,Conopophaga lineata,05/04/2025,17:13:03,24.1,Least Concern
MAC_XP1_AC0401,Restinga Antwren,Formicivora littoralis,14/04/2025,08:26:42,22.8,Critically Endangered
MAC_XP1_AC0402,White-browed Warbler,Myiothlypis leucoblephara,10/04/2025,07:58:07,11.3,Least Concern
MAC_XP1_AC0403,Bahia Tapaculo,Eleoscytalopus psychopompus,04/04/2025,16:49:12,13.4,Endangered
MAC_XP1_AC0404,Restinga Antwren,Formicivora littoralis,05/04/2025,08:41:48,55.1,Critically Endangered
MAC_XP1_AC0405,Black-throated Grosbeak,Saltator fuliginosus,13/04/2025,17:28:06,22.2,Least Concern
MAC_XP1_AC0406,Red-browed Amazon,Amazona rhodocorytha,06/04/2025,13:04:58,25.4,Endangered
MAC_XP1_AC0407,Red-ruffed Fruitcrow,Pyroderus scutatus,14/04/2025,10:48:11,24.1,Least Concern
MAC_XP1_AC0408,Surucua Trogon,Trogon surrucura,09/04/2025,08:22:46,12.3,Least Concern
MAC_XP1_AC0409,Black Jacobin,Florisuga fusca,07/04/2025,06:10:04,20.6,Least Concern
MAC_XP1_AC0410,Rusty-margined Guan,Penelope superciliaris,10/04/2025,16:08:46,26.4,Least Concern
MAC_XP1_AC0411,Rufous-tailed Attila,Attila phoenicurus,13/04/2025,18:15:19,12.7,Least Concern
MAC_XP1_AC0412,Rufous-tailed Attila,Attila phoenicurus,10/04/2025,06:27:46,23.5,Least Concern
MAC_XP1_AC0413,Buff-browed Foliage-gleaner,Syndactyla rufosuperciliata,08/04/2025,16:49:34,22.4,Least Concern
MAC_XP1_AC0414,Bahia Tapaculo,Eleoscytalopus psychopompus,13/04/2025,13:54:08,12.9,Endangered
MAC_XP1_AC0415,Black Jacobin,Florisuga fusca,09/04/2025,07:53:24,21.4,Least Concern
MAC_XP1_AC0416,Red-ruffed Fruitcrow,Pyroderus scutatus,06/04/2025,17:34:34,28.8,Least Concern
MAC_XP1_AC0417,Green-barred Woodpecker,Colaptes melanochloros,13/04/2025,08:44:50,11.8,Least Concern
MAC_XP1_AC0418,Surucua Trogon,Trogon surrucura,07/04/2025,18:17:59,10.5,Least Concern
MAC_XP1_AC0419,Dusky-tailed Flatbill,Ramphotrigon fuscicauda,05/04/2025,18:50:36,27.3,Least Concern
MAC_XP1_AC0420,Buff-browed Foliage-gleaner,Syndactyla rufosuperciliata,14/04/2025,18:46:15,16.3,Least Concern
MAC_XP1_AC0421,Blue-bellied Parrot,Triclaria malachitacea,05/04/2025,16:29:05,20.3,Near Threatened
MAC_XP1_AC0422,White-eyed Parakeet,Psittacara leucophthalmus,07/04/2025,07:32:42,11.1,Least Concern
MAC_XP1_AC0423,Brazilian Tanager,Ramphocelus bresilia,11/04/2025,07:21:25,18.8,Least Concern
MAC_XP1_AC0424,Blue-bellied Parrot,Triclaria malachitacea,04/04/2025,08:50:15,14.5,Near Threatened
MAC_XP1_AC0425,Southern Antpipit,Corythopis delalandi,12/04/2025,16:45:16,46.8,Least Concern
MAC_XP1_AC0426,Gray-winged Cotinga,Lipaugus conditus,13/04/2025,17:39:40,15.4,Critically Endangered
MAC_XP1_AC0427,Buff-throated Purpletuft,Iodopleura pipra,14/04/2025,13:10:16,18.5,Vulnerable
MAC_XP1_AC0428,Sooty Tyrannulet,Serpophaga nigricans,07/04/2025,23:27:01,26.8,Least Concern
MAC_XP1_AC0429,White-eyed Parakeet,Psittacara leucophthalmus,04/04/2025,18:19:20,11.4,Least Concern
MAC_XP1_AC0430,Green-headed Tanager,Tangara seledon,07/04/2025,06:53:18,29.5,Least Concern
MAC_XP1_AC0431,Ochre-breasted Foliage-gleaner,Philydor lichtensteini,09/04/2025,01:42:46,13.1,Least Concern
MAC_XP1_AC0432,Pale-browed Treehunter,Cichlocolaptes leucophrus,10/04/2025,07:28:04,48,Least Concern
MAC_XP1_AC0433,Rufous-breasted Hermit,Glaucis hirsutus,12/04/2025,08:02:09,32.3,Least Concern
MAC_XP1_AC0434,Black Jacobin,Florisuga fusca,07/04/2025,23:17:40,15.8,Least Concern
MAC_XP1_AC0435,Sooty Tyrannulet,Serpophaga nigricans,10/04/2025,07:41:51,26.1,Least Concern
MAC_XP1_AC0436,Sao Paulo Tyrannulet,Phylloscartes paulista,06/04/2025,05:26:32,16.9,Vulnerable
MAC_XP1_AC0437,Atlantic Royal Flycatcher,Onychorhynchus swainsoni,10/04/2025,08:45:16,26.2,Vulnerable
MAC_XP1_AC0438,Plovercrest,Stephanoxis lalandi,08/04/2025,10:04:36,24.8,Least Concern
MAC_XP1_AC0439,White-bearded Manakin,Manacus manacus,07/04/2025,18:25:17,11.4,Least Concern
MAC_XP1_AC0440,Red-ruffed Fruitcrow,Pyroderus scutatus,05/04/2025,08:16:08,26.6,Least Concern
MAC_XP1_AC0441,Golden-chevroned Tanager,Thraupis ornata,08/04/2025,18:27:25,12.2,Least Concern
MAC_XP1_AC0442,Atlantic Royal Flycatcher,Onychorhynchus swainsoni,11/04/2025,07:02:48,27.3,Vulnerable
MAC_XP1_AC0443,Dusky-tailed Flatbill,Ramphotrigon fuscicauda,11/04/2025,03:49:06,10.9,Least Concern
MAC_XP1_AC0444,Brassy-breasted Tanager,Tangara desmaresti,07/04/2025,01:04:50,27.2,Least Concern
MAC_XP1_AC0445,Kaempfer's Tody-Tyrant,Hemitriccus kaempferi,07/04/2025,06:21:38,54.5,Critically Endangered
MAC_XP1_AC0446,Crescent-chested Puffbird,Malacoptila striata,08/04/2025,06:29:08,14,Least Concern
MAC_XP1_AC0447,Saffron Toucanet,Pteroglossus bailloni,09/04/2025,15:39:54,48.9,Near Threatened
MAC_XP1_AC0448,Black-cheeked Gnateater,Conopophaga melanops,14/04/2025,08:10:34,10,Least Concern
MAC_XP1_AC0449,Dusky-tailed Flatbill,Ramphotrigon fuscicauda,06/04/2025,06:51:01,17.4,Least Concern
MAC_XP1_AC0450,White-throated Hummingbird,Leucochloris albicollis,08/04/2025,06:05:40,14.2,Least Concern
MAC_XP1_AC0451,White-barred Piculet,Picumnus cirratus,07/04/2025,07:03:08,31.6,Least Concern
MAC_XP1_AC0452,Green-barred Woodpecker,Colaptes melanochloros,05/04/2025,08:12:46,28.3,Least Concern
MAC_XP1_AC0453,Plovercrest,Stephanoxis lalandi,06/04/2025,06:12:08,17.4,Least Concern
MAC_XP1_AC0454,Spot-backed Antshrike,Hypoedaleus guttatus,12/04/2025,08:46:59,13,Least Concern
MAC_XP1_AC0455,Plovercrest,Stephanoxis lalandi,06/04/2025,07:14:52,23,Least Concern
MAC_XP1_AC0456,Green-headed Tanager,Tangara seledon,06/04/2025,18:31:41,17.8,Least Concern
MAC_XP1_AC0457,Saffron Toucanet,Pteroglossus bailloni,08/04/2025,12:56:01,16.1,Near Threatened
MAC_XP1_AC0458,Bahia Tapaculo,Eleoscytalopus psychopompus,12/04/2025,06:51:06,15.3,Endangered
MAC_XP1_AC0459,White-throated Spadebill,Platyrinchus mystaceus,11/04/2025,10:27:01,24.4,Least Concern
MAC_XP1_AC0460,Dusky-legged Guan,Penelope obscura,04/04/2025,17:03:04,39.2,Least Concern
MAC_XP1_AC0461,Banded Cotinga,Cotinga maculata,05/04/2025,18:42:16,16.9,Critically Endangered
MAC_XP1_AC0462,Bare-throated Bellbird,Procnias nudicollis,09/04/2025,18:07:02,16.8,Near Threatened
MAC_XP1_AC0463,Banded Cotinga,Cotinga maculata,04/04/2025,08:57:59,18.8,Critically Endangered
MAC_XP1_AC0464,White-collared Foliage-gleaner,Anabazenops fuscus,10/04/2025,17:11:55,20.9,Least Concern
MAC_XP1_AC0465,Atlantic Royal Flycatcher,Onychorhynchus swainsoni,07/04/2025,22:42:35,29.6,Vulnerable
MAC_XP1_AC0466,Blue Manakin,Chiroxiphia caudata,05/04/2025,00:43:56,29.5,Least Concern
MAC_XP1_AC0467,Restinga Antwren,Formicivora littoralis,08/04/2025,22:55:30,14,Critically Endangered
MAC_XP1_AC0468,Golden-chevroned Tanager,Thraupis ornata,04/04/2025,17:57:00,10,Least Concern
MAC_XP1_AC0469,Buff-browed Foliage-gleaner,Syndactyla rufosuperciliata,04/04/2025,17:25:47,13.1,Least Concern
MAC_XP1_AC0470,White-browed Warbler,Myiothlypis leucoblephara,07/04/2025,06:53:46,13.9,Least Concern
MAC_XP1_AC0471,Atlantic Royal Flycatcher,Onychorhynchus swainsoni,12/04/2025,08:22:48,27.6,Vulnerable
MAC_XP1_AC0472,Olivaceous Woodcreeper,Sittasomus griseicapillus,07/04/2025,18:49:13,14.9,Least Concern
MAC_XP1_AC0473,Gray-winged Cotinga,Lipaugus conditus,05/04/2025,06:26:10,17.5,Critically Endangered
MAC_XP1_AC0474,Crescent-chested Puffbird,Malacoptila striata,10/04/2025,17:10:25,59.5,Least Concern
MAC_XP1_AC0475,White-throated Hummingbird,Leucochloris albicollis,08/04/2025,16:44:33,11.2,Least Concern
MAC_XP1_AC0476,Rufous Gnateater,Conopophaga lineata,07/04/2025,07:41:28,21.3,Least Concern
MAC_XP1_AC0477,Ochre-breasted Foliage-gleaner,Philydor lichtensteini,13/04/2025,09:12:30,28.5,Least Concern
MAC_XP1_AC0478,Bare-throated Bellbird,Procnias nudicollis,12/04/2025,17:48:39,49.4,Near Threatened
MAC_XP1_AC0479,Bahia Tapaculo,Eleoscytalopus psychopompus,08/04/2025,01:12:37,29.5,Endangered
MAC_XP1_AC0480,White-eyed Parakeet,Psittacara leucophthalmus,07/04/2025,18:39:49,18,Least Concern
MAC_XP1_AC0481,Kaempfer's Tody-Tyrant,Hemitriccus kaempferi,06/04/2025,22:02:15,27.7,Critically Endangered
MAC_XP1_AC0482,Ochre-marked Parakeet,Pyrrhura cruentata,06/04/2025,06:32:25,25.9,Vulnerable
MAC_XP1_AC0483,Blue-bellied Parrot,Triclaria malachitacea,10/04/2025,22:49:56,17.2,Near Threatened
MAC_XP1_AC0484,Banded Cotinga,Cotinga maculata,05/04/2025,07:59:28,18.3,Critically Endangered
MAC_XP1_AC0485,Atlantic Royal Flycatcher,Onychorhynchus swainsoni,06/04/2025,08:25:45,46,Vulnerable
MAC_XP1_AC0486,Banded Cotinga,Cotinga maculata,10/04/2025,06:42:36,16.6,Critically Endangered
MAC_XP1_AC0487,Sibilant Sirystes,Sirystes sibilator,13/04/2025,13:43:40,13,Least Concern
MAC_XP1_AC0488,Buff-browed Foliage-gleaner,Syndactyla rufosuperciliata,05/04/2025,06:14:08,18.5,Least Concern
MAC_XP1_AC0489,Spot-breasted Antvireo,Dysithamnus stictothorax,09/04/2025,06:05:57,15.5,Near Threatened
MAC_XP1_AC0490,White-eyed Parakeet,Psittacara leucophthalmus,05/04/2025,17:16:00,19.4,Least Concern
MAC_XP1_AC0491,Plovercrest,Stephanoxis lalandi,10/04/2025,17:09:12,17.9,Least Concern
MAC_XP1_AC0492,Black Jacobin,Florisuga fusca,08/04/2025,12:32:25,44.6,Least Concern
MAC_XP1_AC0493,Spot-breasted Antvireo,Dysithamnus stictothorax,12/04/2025,21:32:47,21.2,Near Threatened
MAC_XP1_AC0494,Black Jacobin,Florisuga fusca,14/04/2025,06:57:13,48.8,Least Concern
MAC_XP1_AC0495,Ochre-breasted Foliage-gleaner,Philydor lichtensteini,13/04/2025,06:48:28,21,Least Concern
MAC_XP1_AC0496,Bahia Tapaculo,Eleoscytalopus psychopompus,10/04/2025,14:37:16,24.8,Endangered
MAC_XP1_AC0497,Spot-breasted Antvireo,Dysithamnus stictothorax,04/04/2025,08:37:11,18.9,Near Threatened
MAC_XP1_AC0498,White-barred Piculet,Picumnus cirratus,13/04/2025,05:50:32,48.2,Least Concern
MAC_XP1_AC0499,Maroon-bellied Parakeet,Pyrrhura frontalis,05/04/2025,02:38:20,28.3,Least Concern
MAC_XP1_AC0500,Gray-winged Cotinga,Lipaugus conditus,12/04/2025,18:06:51,16,Critically Endangered
MAC_XP1_AC0501,Bare-throated Bellbird,Procnias nudicollis,10/04/2025,07:40:50,16.7,Near Threatened
MAC_XP1_AC0502,Rufous Gnateater,Conopophaga lineata,09/04/2025,17:58:35,14,Least Concern
MAC_XP1_AC0503,Dusky-tailed Flatbill,Ramphotrigon fuscicauda,04/04/2025,17:45:42,15.6,Least Concern
MAC_XP1_AC0504,Black Jacobin,Florisuga fusca,04/04/2025,17:22:02,26,Least Concern
MAC_XP1_AC0505,Black Jacobin,Florisuga fusca,09/04/2025,08:31:43,18,Least Concern
MAC_XP1_AC0506,Golden-chevroned Tanager,Thraupis ornata,13/04/2025,15:01:35,18.9,Least Concern
MAC_XP1_AC0507,Brassy-breasted Tanager,Tangara desmaresti,13/04/2025,20:42:16,11.6,Least Concern
MAC_XP1_AC0508,Olivaceous Woodcreeper,Sittasomus griseicapillus,05/04/2025,18:01:52,16.5,Least Concern
MAC_XP1_AC0509,Dusky-tailed Flatbill,Ramphotrigon fuscicauda,12/04/2025,06:06:41,16.3,Least Concern
MAC_XP1_AC0510,White-bearded Manakin,Manacus manacus,14/04/2025,18:24:56,16.6,Least Concern
MAC_XP1_AC0511,Atlantic Royal Flycatcher,Onychorhynchus swainsoni,07/04/2025,06:48:23,29.8,Vulnerable
MAC_XP1_AC0512,Black-cheeked Gnateater,Conopophaga melanops,08/04/2025,06:46:39,17.9,Least Concern
MAC_XP1_AC0513,Fork-tailed Pygmy-Tyrant,Myiornis atricapillus,12/04/2025,17:42:52,17.3,Least Concern
MAC_XP1_AC0514,Red-necked Tanager,Tangara cyanocephala,14/04/2025,10:43:05,25.2,Least Concern
MAC_XP1_AC0515,Dusky-legged Guan,Penelope obscura,06/04/2025,10:52:59,29.6,Least Concern
MAC_XP1_AC0516,Saffron Toucanet,Pteroglossus bailloni,12/04/2025,09:28:57,27.6,Near Threatened
MAC_XP1_AC0517,Black Jacobin,Florisuga fusca,11/04/2025,08:32:13,28.3,Least Concern
MAC_XP1_AC0518,Golden-chevroned Tanager,Thraupis ornata,07/04/2025,06:54:21,18.6,Least Concern
MAC_XP1_AC0519,Surucua Trogon,Trogon surrucura,11/04/2025,12:14:09,22.1,Least Concern
MAC_XP1_AC0520,Buff-browed Foliage-gleaner,Syndactyla rufosuperciliata,09/04/2025,17:24:23,23.2,Least Concern
MAC_XP1_AC0521,Sharpbill,Oxyruncus cristatus,11/04/2025,07:59:28,23.1,Least Concern
MAC_XP1_AC0522,Atlantic Royal Flycatcher,Onychorhynchus swainsoni,11/04/2025,06:23:21,45.8,Vulnerable
MAC_XP1_AC0523,Maroon-bellied Parakeet,Pyrrhura frontalis,06/04/2025,06:16:13,28.4,Least Concern
MAC_XP1_AC0524,Green-headed Tanager,Tangara seledon,10/04/2025,17:46:37,27.7,Least Concern
MAC_XP1_AC0525,Sooty Tyrannulet,Serpophaga nigricans,07/04/2025,06:57:16,31.2,Least Concern
MAC_XP1_AC0526,Saffron Toucanet,Pteroglossus bailloni,08/04/2025,08:46:48,18.4,Near Threatened
MAC_XP1_AC0527,Gray-hooded Attila,Attila rufus,05/04/2025,18:43:58,19.9,Least Concern
MAC_XP1_AC0528,Kaempfer's Tody-Tyrant,Hemitriccus kaempferi,13/04/2025,15:34:41,12.6,Critically Endangered
MAC_XP1_AC0529,Chestnut-backed Antshrike,Thamnophilus palliatus,11/04/2025,01:50:36,16.7,Least Concern
MAC_XP1_AC0530,White-browed Warbler,Myiothlypis leucoblephara,04/04/2025,06:35:00,11.1,Least Concern
MAC_XP1_AC0531,Dusky-legged Guan,Penelope obscura,07/04/2025,04:13:25,29.5,Least Concern
MAC_XP1_AC0532,Crescent-chested Puffbird,Malacoptila striata,08/04/2025,10:44:51,16.2,Least Concern
MAC_XP1_AC0533,Green-headed Tanager,Tangara seledon,07/04/2025,07:57:45,12,Least Concern
MAC_XP1_AC0534,Ochre-breasted Foliage-gleaner,Philydor lichtensteini,12/04/2025,11:35:36,22.9,Least Concern
MAC_XP1_AC0535,Scaled Antbird,Drymophila squamata,08/04/2025,18:41:30,16.5,Least Concern
MAC_XP1_AC0536,Kaempfer's Tody-Tyrant,Hemitriccus kaempferi,14/04/2025,08:41:26,21.9,Critically Endangered
MAC_XP1_AC0537,White-throated Hummingbird,Leucochloris albicollis,13/04/2025,06:23:00,20.9,Least Concern
MAC_XP1_AC0538,Crescent-chested Puffbird,Malacoptila striata,06/04/2025,06:40:02,24.6,Least Concern
MAC_XP1_AC0539,Brazilian Tanager,Ramphocelus bresilia,14/04/2025,08:57:05,26.6,Least Concern
MAC_XP1_AC0540,Bare-throated Bellbird,Procnias nudicollis,08/04/2025,17:50:45,22.4,Near Threatened
MAC_XP1_AC0541,Olivaceous Woodcreeper,Sittasomus griseicapillus,14/04/2025,06:51:28,29.1,Least Concern
MAC_XP1_AC0542,White-eyed Parakeet,Psittacara leucophthalmus,09/04/2025,06:21:53,12.6,Least Concern
MAC_XP1_AC0543,Rufous-breasted Hermit,Glaucis hirsutus,10/04/2025,16:54:15,29.6,Least Concern
MAC_XP1_AC0544,White-throated Spadebill,Platyrinchus mystaceus,07/04/2025,18:30:18,16.1,Least Concern
MAC_XP1_AC0545,Ochre-breasted Foliage-gleaner,Philydor lichtensteini,10/04/2025,19:51:51,22.8,Least Concern
MAC_XP1_AC0546,Rufous-tailed Attila,Attila phoenicurus,11/04/2025,08:50:58,23.8,Least Concern
MAC_XP1_AC0547,Ochre-marked Parakeet,Pyrrhura cruentata,12/04/2025,04:24:50,24,Vulnerable
MAC_XP1_AC0548,Bahia Tapaculo,Eleoscytalopus psychopompus,04/04/2025,18:34:48,17,Endangered
MAC_XP1_AC0549,Violaceous Euphonia,Euphonia violacea,14/04/2025,06:16:33,15.5,Least Concern
MAC_XP1_AC0550,Sooty Tyrannulet,Serpophaga nigricans,07/04/2025,08:01:46,21.8,Least Concern
MAC_XP1_AC0551,Buff-browed Foliage-gleaner,Syndactyla rufosuperciliata,13/04/2025,03:03:36,20,Least Concern
MAC_XP1_AC0552,Surucua Trogon,Trogon surrucura,10/04/2025,07:09:04,14.9,Least Concern
MAC_XP1_AC0553,Buff-throated Purpletuft,Iodopleura pipra,04/04/2025,10:21:58,14.9,Vulnerable
MAC_XP1_AC0554,White-collared Foliage-gleaner,Anabazenops fuscus,12/04/2025,06:52:08,14.8,Least Concern
MAC_XP1_AC0555,Bahia Tapaculo,Eleoscytalopus psychopompus,05/04/2025,12:16:06,17.5,Endangered
MAC_XP1_AC0556,Spot-backed Antshrike,Hypoedaleus guttatus,09/04/2025,18:18:04,10.7,Least Concern
MAC_XP1_AC0557,Buff-browed Foliage-gleaner,Syndactyla rufosuperciliata,12/04/2025,17:49:07,35.9,Least Concern
MAC_XP1_AC0558,White-throated Hummingbird,Leucochloris albicollis,08/04/2025,10:30:35,22.1,Least Concern
MAC_XP1_AC0559,Sooty Tyrannulet,Serpophaga nigricans,09/04/2025,06:36:28,20.7,Least Concern
MAC_XP1_AC0560,Red-browed Amazon,Amazona rhodocorytha,04/04/2025,20:13:26,24.7,Endangered
MAC_XP1_AC0561,Bare-throated Bellbird,Procnias nudicollis,09/04/2025,07:23:30,14.3,Near Threatened
MAC_XP1_AC0562,Red-ruffed Fruitcrow,Pyroderus scutatus,13/04/2025,16:08:00,11.5,Least Concern
MAC_XP1_AC0563,Glittering-bellied Emerald,Chlorostilbon lucidus,11/04/2025,07:37:50,27.2,Least Concern
MAC_XP1_AC0564,Dusky-tailed Flatbill,Ramphotrigon fuscicauda,05/04/2025,07:09:55,22.4,Least Concern
MAC_XP1_AC0565,Sibilant Sirystes,Sirystes sibilator,06/04/2025,08:28:56,30,Least Concern
MAC_XP1_AC0566,Rufous-tailed Attila,Attila phoenicurus,13/04/2025,12:52:12,22.5,Least Concern
MAC_XP1_AC0567,White-throated Hummingbird,Leucochloris albicollis,09/04/2025,08:16:53,28.5,Least Concern
MAC_XP1_AC0568,Kaempfer's Tody-Tyrant,Hemitriccus kaempferi,09/04/2025,05:22:08,17.6,Critically Endangered
MAC_XP1_AC0569,Chestnut-backed Antshrike,Thamnophilus palliatus,11/04/2025,17:33:20,12.7,Least Concern
MAC_XP1_AC0570,Maroon-bellied Parakeet,Pyrrhura frontalis,11/04/2025,18:35:24,21.1,Least Concern
MAC_XP1_AC0571,Rufous-capped Antthrush,Formicarius colma,12/04/2025,08:16:02,11.8,Least Concern
MAC_XP1_AC0572,Gray-winged Cotinga,Lipaugus conditus,04/04/2025,16:52:35,50.5,Critically Endangered
MAC_XP1_AC0573,Saffron Toucanet,Pteroglossus bailloni,13/04/2025,15:18:11,19.2,Near Threatened
MAC_XP1_AC0574,Plovercrest,Stephanoxis lalandi,07/04/2025,07:29:26,29.6,Least Concern
MAC_XP1_AC0575,Black Jacobin,Florisuga fusca,10/04/2025,01:16:08,20,Least Concern
MAC_XP1_AC0576,Black-cheeked Gnateater,Conopophaga melanops,09/04/2025,18:12:42,22.4,Least Concern
MAC_XP1_AC0577,Black Jacobin,Florisuga fusca,12/04/2025,08:24:16,25.3,Least Concern
MAC_XP1_AC0578,White-barred Piculet,Picumnus cirratus,05/04/2025,15:23:07,15.1,Least Concern
MAC_XP1_AC0579,Fork-tailed Pygmy-Tyrant,Myiornis atricapillus,12/04/2025,18:59:39,15.3,Least Concern
MAC_XP1_AC0580,Bare-throated Bellbird,Procnias nudicollis,04/04/2025,06:29:10,14.6,Near Threatened
MAC_XP1_AC0581,White-browed Warbler,Myiothlypis leucoblephara,10/04/2025,11:13:22,25.9,Least Concern
MAC_XP1_AC0582,Black-cheeked Gnateater,Conopophaga melanops,07/04/2025,06:17:25,27.3,Least Concern
MAC_XP1_AC0583,Red-necked Tanager,Tangara cyanocephala,11/04/2025,15:21:32,17,Least Concern
MAC_XP1_AC0584,Blue Manakin,Chiroxiphia caudata,14/04/2025,08:50:00,11.1,Least Concern
MAC_XP1_AC0585,Dusky-tailed Flatbill,Ramphotrigon fuscicauda,06/04/2025,15:07:55,12.9,Least Concern
MAC_XP1_AC0586,Maroon-bellied Parakeet,Pyrrhura frontalis,08/04/2025,17:14:41,14,Least Concern
MAC_XP1_AC0587,Gray-hooded Attila,Attila rufus,07/04/2025,11:38:43,53.9,Least Concern
MAC_XP1_AC0588,Spot-breasted Antvireo,Dysithamnus stictothorax,11/04/2025,18:07:11,46.3,Near Threatened
MAC_XP1_AC0589,Fork-tailed Pygmy-Tyrant,Myiornis atricapillus,14/04/2025,12:20:35,22.9,Least Concern
MAC_XP1_AC0590,Sharpbill,Oxyruncus cristatus,09/04/2025,08:58:04,13.4,Least Concern
MAC_XP1_AC0591,Buff-browed Foliage-gleaner,Syndactyla rufosuperciliata,04/04/2025,21:27:33,22.2,Least Concern
MAC_XP1_AC0592,Green-headed Tanager,Tangara seledon,05/04/2025,06:58:13,12.3,Least Concern
MAC_XP1_AC0593,Atlantic Royal Flycatcher,Onychorhynchus swainsoni,04/04/2025,07:02:02,23.4,Vulnerable
MAC_XP1_AC0594,Rufous Gnateater,Conopophaga lineata,04/04/2025,08:40:29,19.3,Least Concern
MAC_XP1_AC0595,White-throated Hummingbird,Leucochloris albicollis,06/04/2025,22:52:50,11.1,Least Concern
MAC_XP1_AC0596,Scaled Antbird,Drymophila squamata,14/04/2025,18:08:29,16.5,Least Concern
MAC_XP1_AC0597,Atlantic Royal Flycatcher,Onychorhynchus swainsoni,12/04/2025,10:14:25,21.2,Vulnerable
MAC_XP1_AC0598,Rufous-breasted Hermit,Glaucis hirsutus,12/04/2025,06:49:28,15.3,Least Concern
MAC_XP1_AC0599,Black Jacobin,Florisuga fusca,11/04/2025,16:42:06,11.8,Least Concern
MAC_XP1_AC0600,Bare-throated Bellbird,Procnias nudicollis,11/04/2025,13:22:42,18.6,Near Threatened
